Desc,ID,Subj object id,Obj object id
"Laucher, verh. Stürtzel, Ursula (ID: 34) hat Ehe mit Stürtzel, Konrad (ID: 16)",10,34,16
"Brotlieb, N. (ID: 56) hat Ehe mit Brotlieb, Leonhard (ID: 20)",22,56,20
"Sigmund von Tirol, None (ID: 18) hat Ehe mit Eleonore von Schottland, None (ID: 19)",30,18,19
"Falkner, Barbara (ID: 121) hat Ehe mit Falkner, Peter (ID: 120)",61,121,120
"Vaist, Jakob (ID: 135) hat Ehe mit Vaist, Sophia (ID: 134)",68,135,134
"Katharina von Sachsen, None (ID: 189) hat Ehe mit Sigmund von Tirol, None (ID: 18)",102,189,18
"Senng, verh. Spieß, Anna (ID: 300) hat Ehe mit Spieß vom Spieß, Leopold (ID: 294)",227,300,294
"Simonetta, Hippolyta (ID: 343) hat Ehe mit Matsch, Gaudenz von (ID: 51)",277,343,51
"Rüssegg, N. von (ID: 661) hat Ehe mit Rüssegg zu Roggenbach, Jakob von (ID: 302)",543,661,302
"Scheiber, Sebastian (ID: 667) hat Ehe mit Scheiber (Frau des Sebastian Scheiber), N. (ID: 668)",549,667,668
"Eberstein (Frau des Hans Eberstein, genannt Horneck), N. von (ID: 695) hat Ehe mit Eberstein, genannt Horneck, Hans von (ID: 581)",581,695,581
"Seger, Hieronymus (ID: 611) hat Ehe mit Seger, N. (ID: 733)",660,611,733
"Überlinger, Hans (ID: 604) hat Ehe mit Überlinger, N. (weiblich) (ID: 738)",667,604,738
"Bock (Frau des Kaspar Bock), N. (ID: 735) hat Ehe mit Bock, Kaspar (ID: 645)",681,735,645
"N., Clara (ID: 957) hat Ehe mit Reutlinger, Hans (ID: 956)",962,957,956
"Wolkenstein-Trostburg, Margarethe von (ID: 958) hat Ehe mit Niedertor, Arnold von (ID: 228)",963,958,228
"Vögler, verh. Dieperskircher, Dorothea (ID: 1115) hat Ehe mit Dieperskircher (der Jüngere), Georg (ID: 994)",1169,1115,994
"Liechtenstein, Bartholomäus von (ID: 1117) hat Ehe mit Vögler, verh. von Liechtenstein, Barbara (ID: 1116)",1174,1117,1116
"Fuchs von Fuchsberg, Dorothea (ID: 1126) hat Ehe mit Fuchs von Fuchsberg, Wolfhart (ID: 1124)",1184,1126,1124
"Fuchs von Fuchsberg, Margarethe (ID: 1128) hat Ehe mit Fuchs von Fuchsberg, Georg (ID: 1127)",1185,1128,1127
"N., Anna (ID: 1265) hat Ehe mit Kronmetz, Hans von (ID: 1264)",1397,1265,1264
"Lichtenberg, verh. von Spaur, Verena von (ID: 1267) hat Ehe mit Spaur (der Ältere), Hans von (ID: 1266)",1399,1267,1266
"Rietenburger, Margarethe (ID: 1272) hat Ehe mit Rietenburger, Ernst (ID: 1271)",1407,1272,1271
"Weineck, Katharina von (ID: 1275) hat Ehe mit Weineck, Leonhard von (ID: 954)",1411,1275,954
"N. (Frau Konrad Vintlers), N. (ID: 1279) hat Ehe mit Vintler, Konrad (ID: 21)",1415,1279,21
"Laubenberg, N. von (ID: 1405) hat Ehe mit Laubenberg, Kaspar von (ID: 222)",1616,1405,222
"Vernstet, verh. von Freyberg, Johanna von (ID: 179) hat Ehe mit Freyberg (der Jüngere), Michael von (ID: 187)",1971,179,187
"Kripp, Ursula (ID: 1620) hat Ehe mit Kripp, Jakob (ID: 1619)",1981,1620,1619
"N. (Frau des Konrad Teubler), N. (ID: 1629) hat Ehe mit Teubler, Konrad (ID: 1628)",1998,1629,1628
"Molveno, N. (ID: 1664) hat Ehe mit Mussatus, Hieronymus (ID: 1613)",2045,1664,1613
"Stürtzel, Konrad (ID: 16) hat Ehe mit Griesser, verh. Stürtzel, Elisabeth (ID: 1983)",2440,16,1983
"Stern, Sigmund (ID: 2018) hat Ehe mit Stern, Margarethe (ID: 2019)",2509,2018,2019
"Hard, Friedrich von (ID: 2022) hat Ehe mit Lichtenberg, verh. Hard, Barbara von (ID: 2021)",2510,2022,2021
"Ivano, Laura von (ID: 2052) hat Ehe mit Ivano, Jakob von (ID: 2050)",2567,2052,2050
"Käl, Margarete (ID: 2145) hat Ehe mit Wolkenstein-Rodenegg (der Jüngere), Sigmund von (ID: 346)",2795,2145,346
"N. (Frau des Konrad von Sal), N. (ID: 2159) hat Ehe mit Sal, Konrad von (ID: 886)",2823,2159,886
"Händler, verh. Pfannholz, Helena (ID: 2208) hat Ehe mit Pfannholz, genannt Sagmeister, Michael (ID: 2206)",2884,2208,2206
"Rasp, verh. Rindsmaul, Dorothea (ID: 2228) hat Ehe mit Rindsmaul, Albrecht (ID: 2227)",2912,2228,2227
"Klammer, Christoph (ID: 2237) hat Ehe mit Klammer, Margarethe (ID: 2236)",2922,2237,2236
"Sattler, Walpurga (ID: 2279) hat Ehe mit Sattler, Konrad (ID: 2278)",2971,2279,2278
"Auer, Barbara (ID: 2380) hat Ehe mit Auer, Michael (ID: 131)",3118,2380,131
"Poden, verh. Auer, Margarethe (ID: 2385) hat Ehe mit Auer, Michael (ID: 131)",3125,2385,131
"Poden, Magdalena von (ID: 2387) hat Ehe mit Poden, Hans von (ID: 2386)",3130,2387,2386
"Gall, Veronika (ID: 2485) hat Ehe mit Fernsteiner, Jenewein (ID: 2484)",3412,2485,2484
"Metzner, verh. von Greifenstein, Cecilia (ID: 2496) hat Ehe mit Greifenstein, Ruprecht von (ID: 2494)",3423,2496,2494
"N. (Kind von Erzherzog Sigmund), Barbara (ID: 2510) hat Ehe mit Haidel, Nikolaus (ID: 2509)",3439,2510,2509
"Rümlang, Barbara von (ID: 2512) hat Ehe mit Rümlang, Hans (Konrad) von (ID: 2511)",3441,2512,2511
"N., verh. von Grießen, Elisabeth (ID: 2514) hat Ehe mit Grießen, Rudolf von (ID: 2513)",3443,2514,2513
"N. (Kind von Erzherzog Sigmund), Ursula (ID: 2517) hat Ehe mit Metri, Niklas von (ID: 1183)",3446,2517,1183
"N. (Kind von Erzherzog Sigmund, angeblich &quot;Pöder von Pöderstein), N. (ID: 2518) hat Ehe mit Hausen, Oswald von (ID: 552)",3448,2518,552
"Weitingen, Elisabeth von (ID: 2520) hat Ehe mit Hertter von Hertteneck, Wilhelm (ID: 2519)",3450,2520,2519
"N., verh. von Pondorf, Katharina (ID: 2522) hat Ehe mit Pondorf, Hans von (ID: 2521)",3453,2522,2521
"N. (Kind von Erzherzog Sigmund), Sophie Lucia (ID: 2524) hat Ehe mit Sargans, Rudolf von (ID: 2523)",3456,2524,2523
"Schweizer, Anna (ID: 2529) hat Ehe mit Wyß zu Platters, Hans (ID: 2528)",3465,2529,2528
"Seibersdorf, verh. Gneus, Cäcilia (ID: 2530) hat Ehe mit Gneus, Vigilius (ID: 2294)",3467,2530,2294
"Snäppl, Anna (ID: 2482) hat Ehe mit Snäppl, Christoph (ID: 2544)",3494,2482,2544
"Schlaher, Ursula (ID: 2545) hat Ehe mit Schlaher, N. (ID: 2546)",3496,2545,2546
"Haus, verh. von Landeck, Benedikta von (ID: 2560) hat Ehe mit Landeck, Jakob von (ID: 2558)",3523,2560,2558
"Göcking, Ulrich von (ID: 47) hat Ehe mit Senng, verh. Spieß, Anna (ID: 300)",3562,47,300
"Pernstetter, Thomas (ID: 2600) hat Ehe mit N. (Kind von Erzherzog Sigmund), Margarethe (ID: 2599)",3590,2600,2599
"N., verh. Pollinger, Margarethe (ID: 2602) hat Ehe mit Pollinger, Peter (ID: 2601)",3592,2602,2601
"Fuchsmagen, verh. Rindsmaul, Margarethe (ID: 2614) hat Ehe mit Rindsmaul, Hermann (ID: 2612)",3611,2614,2612
"Tänzl, Salome (ID: 2619) hat Ehe mit Kastner, Hans (ID: 61)",3618,2619,61
"Weineck, verh. Schidmann, Apollonia von (ID: 2623) hat Ehe mit Schidmann, Franz (ID: 85)",3624,2623,85
"Streun, Salome (ID: 2627) hat Ehe mit Firmian, Christoph von (ID: 1256)",3636,2627,1256
"Stöckl, Dorothea (ID: 2629) hat Ehe mit Maltitz, Hans von (ID: 2628)",3641,2629,2628
"Kripp, verh. Hamerspach, Dorothea (ID: 2635) hat Ehe mit Hamerspach, Ambros (ID: 2634)",3653,2635,2634
"Cavalli, Maria (ID: 2636) hat Ehe mit Hamerspach, Bartholomäus (ID: 2633)",3654,2636,2633
"Grienhofer, Katharina (ID: 2651) hat Ehe mit Grienhofer, Hermann (ID: 2650)",3671,2651,2650
"Greußhaber, Margarethe (ID: 2654) hat Ehe mit Grienhofer, Franz (ID: 2653)",3678,2654,2653
"N. (Schwager des N. Überlinger), Hans (ID: 2669) hat Ehe mit N. (Frau des Schwagers des N. Überlinger), N. (ID: 2671)",3716,2669,2671
"Lutacher, Apollonia (ID: 3047) hat Ehe mit Niedertor, Arnold von (ID: 228)",4653,3047,228
"N. (Frau des Jörg Krättler), N. (ID: 3226) hat Ehe mit Krättler, Jörg (ID: 769)",5101,3226,769
"Graf (der Jüngere), Hans (ID: 3227) hat Ehe mit N. (Frau des Hans Graf), N. (ID: 3229)",5104,3227,3229
"Imgreut, Heinz (ID: 3240) hat Ehe mit Imgreut, Ursula (ID: 3241)",5115,3240,3241
"Thun, verh. von Hack/Schintl/von Weineck, Dorothea von (ID: 3260) hat Ehe mit Weineck, Hildebrand von (ID: 949)",5158,3260,949
"Thun, verh. von Hack/Schintl/von Weineck, Dorothea von (ID: 3260) hat Ehe mit Schintl, Martin (ID: 2930)",5159,3260,2930
"Clävinger, verh. Fuchsmagen, Priska (ID: 3279) hat Ehe mit Fuchsmagen, Sigmund (ID: 2389)",5232,3279,2389
"Neideck, Anna von (ID: 3289) hat Ehe mit Neideck, Sigmund von (ID: 129)",5257,3289,129
"Thun, verh. von Schellenberg, Tschwenna von (ID: 3291) hat Ehe mit Schellenberg, Clemens von (ID: 3190)",5267,3291,3190
"Seibersdorf, verh. Gneus, Cäcilia (ID: 2530) hat Ehe mit Gneus, Vigilius (ID: 2294)",5282,2530,2294
"Krättler, Jörg (ID: 769) hat Ehe mit N. (Frau des Jörg Krättler), N. (ID: 3226)",5415,769,3226
"Graf (der Jüngere), Hans (ID: 3227) hat Ehe mit N. (Frau des Hans Graf), N. (ID: 3229)",5417,3227,3229
"Thurn, verh. Feigensteiner, Anastasia von (ID: 4849) hat Ehe mit Eglsee, genannt Feigensteiner, Stefan von (ID: 3175)",5618,4849,3175
"Schlandersberg, Kunigunde von (ID: 3458) hat Ehe mit Schlandersberg, Sigmund von (ID: 3329)",5627,3458,3329
"Holer, Hans (ID: 3480) hat Ehe mit Holer, Magdalena (ID: 3478)",5673,3480,3478
"Legalaise von Lamenay, Anna (ID: 3490) hat Ehe mit Tumbritzer, Balthasar (ID: 2571)",5699,3490,2571
"Halbsleben, verh. Gfeller, Martha (ID: 3497) hat Ehe mit Gfeller, Konrad (ID: 3496)",5724,3497,3496
"Krättler, Jörg (ID: 769) hat Ehe mit N. (Frau des Jörg Krättler), N. (ID: 3226)",5823,769,3226
"Graf (der Jüngere), Hans (ID: 3227) hat Ehe mit N. (Frau des Hans Graf), N. (ID: 3229)",5825,3227,3229
"von Freyberg, verh. Turndl, Martha (ID: 3623) hat Ehe mit Turndl, Matthias (ID: 2933)",6083,3623,2933
"Lider, Anna (ID: 3704) hat Ehe mit Lider, Hans (ID: 3595)",6292,3704,3595
"Neideck, Sigmund von (ID: 129) hat Ehe mit Neideck, Anna von (ID: 3289)",6304,129,3289
"Ivano, verh. Klieber, Anna von (ID: 3712) hat Ehe mit Klieber, Reichart (ID: 86)",6329,3712,86
"Turisan, geb. von Thun, Margarethe (ID: 3721) hat Ehe mit Turisan, Ulrich (ID: 1672)",6378,3721,1672
"Schachner, verh. Calaus, Walburga (ID: 3726) hat Ehe mit Calaus, Wenzel (ID: 1948)",6398,3726,1948
"Eicher, Hans (ID: 3666) hat Ehe mit Eicher, Anna (ID: 3807)",6677,3666,3807
"Brock, N. (ID: 3824) hat Ehe mit Brock, Kaspar (ID: 3823)",6744,3824,3823
"Thun, verh. von Hack/Schintl/von Weineck, Dorothea von (ID: 3260) hat Ehe mit Hack (der Ältere), Happe (ID: 3425)",7133,3260,3425
"Pfirt, Dorothea von (ID: 3979) hat Ehe mit Pfirt, Heinrich von (ID: 2946)",7178,3979,2946
"Hofenecker/Leo, Ursula (ID: 3993) hat Ehe mit Hofenecker, Urban (ID: 3994)",7193,3993,3994
"Helmschrott, Margarethe (ID: 4033) hat Ehe mit Helmschrott, Konrad (ID: 2230)",7315,4033,2230
"Fürstenberg, Anna von (ID: 4091) hat Ehe mit Staufen, Trudpert von (ID: 3878)",7440,4091,3878
"Blumenegg, verh. Haus, Beatrix von (ID: 4106) hat Ehe mit Haus, Hans Friedrich von (ID: 4105)",7453,4106,4105
"Andlau, Hartmann von (ID: 4115) hat Ehe mit Andlau, geb. Reich von Reichenstein, N. von (ID: 4116)",7471,4115,4116
"Grafeneck, verh. von Waldenburg, Ursula von (ID: 4183) hat Ehe mit Waldenburg, Friedrich von (ID: 1073)",7623,4183,1073
"Thun, verh. von Schellenberg, Tschwenna von (ID: 3291) hat Ehe mit Schellenberg, Clemens von (ID: 3190)",7632,3291,3190
"Thun, verh. von Habsberg, Benigna von (ID: 4188) hat Ehe mit Habsberg, Mang von (ID: 467)",7649,4188,467
"Neideck, N. von (ID: 4225) hat Ehe mit Neideck, Sigmund von (ID: 129)",7790,4225,129
"Calaus, Wenzel (ID: 1948) hat Ehe mit Schachner, verh. Calaus, Walburga (ID: 3726)",7797,1948,3726
"Vernstet, verh. von Freyberg, Johanna von (ID: 179) hat Ehe mit Freyberg (der Jüngere), Michael von (ID: 187)",7798,179,187
"Hofenecker/Leo, Ursula (ID: 3993) hat Ehe mit Leo, Ulrich (ID: 1590)",7799,3993,1590
"Klammer, Christoph (ID: 2237) hat Ehe mit Klammer, Margarethe (ID: 2236)",7800,2237,2236
"Ivano, verh. Klieber, Anna von (ID: 3712) hat Ehe mit Klieber, Reichart (ID: 86)",7801,3712,86
"Seibersdorf, verh. Gneus, Cäcilia (ID: 2530) hat Ehe mit Gneus, Vigilius (ID: 2294)",7802,2530,2294
"Schlandersberg, Anastasia von (ID: 3855) hat Ehe mit Schlandersberg, Ruhland von (ID: 3828)",7803,3855,3828
"Thun, verh. von Hack/Schintl/von Weineck, Dorothea von (ID: 3260) hat Ehe mit Schintl, Martin (ID: 2930)",7804,3260,2930
"Eicher, Anna (ID: 3807) hat Ehe mit Eicher, Hans (ID: 3666)",7806,3807,3666
"Fuchsmagen, Brigida (ID: 4229) hat Ehe mit Fuchsmagen, Sigmund (ID: 2389)",7828,4229,2389
"Ems, verh. Villenbach, Elisabeth von (ID: 1678) hat Ehe mit Villenbach (der Ältere), Klaus von (ID: 4232)",7846,1678,4232
"Ebenstetter, Adolf (ID: 4244) hat Ehe mit Fieger, verh. Ebenstetter, Magdalena (ID: 4242)",7865,4244,4242
"Brunner, verh. Eppaner von Eppburg, Anna (ID: 4249) hat Ehe mit Eppaner von Eppburg, Stefan (ID: 3585)",7890,4249,3585
"Ebenstetter, Adolf (ID: 4244) hat Ehe mit Fieger, verh. Ebenstetter, Magdalena (ID: 4242)",7893,4244,4242
"Annenberg, verh. Schenk von Schenkenstein, Helena von (ID: 3054) hat Ehe mit Schenk von Schenkenstein, Antoni (ID: 652)",7975,3054,652
"Maltitz, verh. von Neuhaus, Magdalena von (ID: 4281) hat Ehe mit Neuhaus, Hans von (ID: 1378)",8005,4281,1378
"Völseck, Amalia von (ID: 4311) hat Ehe mit Völseck, Leonhard von (ID: 1608)",8152,4311,1608
"Tumbritzer, N. (ID: 4316) hat Ehe mit Tumbritzer, Balthasar (ID: 2571)",8167,4316,2571
"Vierstetter, Walpurga (ID: 5325) hat Ehe mit Vierstetter, Konrad (ID: 5324)",8322,5325,5324
"Hofhaimer, Susanna (ID: 4378) hat Ehe mit Hofhaimer, Paul (ID: 4377)",8421,4378,4377
"Wall, verh. Ring, Ursula von (ID: 4390) hat Ehe mit Ring, Klaus (ID: 4389)",8446,4390,4389
"Fridung, genannt (alter) Küchenmeister, Konrad (ID: 1268) hat Ehe mit Firmian, verh. Fridung, Agnes von (ID: 4438)",8538,1268,4438
"Yserecker, Agnes (ID: 4444) hat Ehe mit Yserecker, Stefan (ID: 4443)",8550,4444,4443
"Yserecker, Agnes (ID: 4444) hat Ehe mit Yserecker, Stefan (ID: 4443)",8555,4444,4443
"Seibersdorf, verh. Gneus, Cäcilia (ID: 2530) hat Ehe mit Gneus, Vigilius (ID: 2294)",8566,2530,2294
"Schellenberg, Dorothea von (ID: 4452) hat Ehe mit Schellenberg, Clemens von (ID: 3190)",8591,4452,3190
"Kaufmann, Anna (ID: 4460) hat Ehe mit Kaufmann, Jos (ID: 4458)",8634,4460,4458
"Hölzl, Christina (ID: 4466) hat Ehe mit Hölzl, Matthäus (ID: 218)",8652,4466,218
"Uschal, Anna (ID: 4468) hat Ehe mit Uschal, Hans (ID: 4467)",8665,4468,4467
"Has, Katharina (ID: 4472) hat Ehe mit Has, Jakob (ID: 757)",8671,4472,757
"Fröschel, verh. Gundreichinger, Corona (ID: 3203) hat Ehe mit Gundreichinger, Hans (ID: 4579)",8888,3203,4579
"Rasp, verh. Rindsmaul, Dorothea (ID: 2228) hat Ehe mit Rindsmaul, Albrecht (ID: 2227)",8906,2228,2227
"Merwald, Barbara (ID: 4626) hat Ehe mit Merwald, Kaspar (ID: 4624)",9041,4626,4624
"Völseck, N. von (ID: 4653) hat Ehe mit Weineck, Leonhard von (ID: 954)",9119,4653,954
"Ems, verh. Villenbach, Elisabeth von (ID: 1678) hat Ehe mit Villenbach (der Ältere), Klaus von (ID: 4232)",9156,1678,4232
"Starkenberg, verh. Gradner, Veronika von (ID: 4671) hat Ehe mit Gradner, Bernhard (ID: 73)",9170,4671,73
"Jäger, Hans (ID: 2220) hat Ehe mit Pürling, verh. Jäger, Felizitas (ID: 4676)",9200,2220,4676
"Hausmann (Frau des Jakob Hausmann), N. (ID: 4681) hat Ehe mit Hausmann, Jakob (ID: 2388)",9213,4681,2388
"Rotenstein, N. von (ID: 4732) hat Ehe mit Rotenstein, Gerwig von (ID: 4733)",9318,4732,4733
"Rümlang, Barbara von (ID: 2512) hat Ehe mit Rümlang, Hans (Konrad) von (ID: 2511)",9417,2512,2511
"Thurn, verh. Feigensteiner, Anastasia von (ID: 4849) hat Ehe mit Eglsee, genannt Feigensteiner, Stefan von (ID: 3175)",9567,4849,3175
"Hasler, geb. Schartenberger, Margarethe (ID: 4913) hat Ehe mit Hasler, Hans (ID: 3453)",9753,4913,3453
"Thun, verh. von Schellenberg, Tschwenna von (ID: 3291) hat Ehe mit Schellenberg, Clemens von (ID: 3190)",9767,3291,3190
"Rantl, Anna (ID: 4921) hat Ehe mit Rantl, Paul (ID: 273)",9796,4921,273
"Hallwyl, verh. von Klingenberg, Margarethe von (ID: 4935) hat Ehe mit Klingenberg, Heinrich von (ID: 409)",9897,4935,409
"Rainoltz, verh. Tratzberger, Barbara (ID: 5031) hat Ehe mit Tratzberger, Johannes (ID: 2505)",10053,5031,2505
"Lupfen, verh. von Hewen, N. von (ID: 5119) hat Ehe mit Hewen, Peter von (ID: 1314)",10198,5119,1314
"Schlanders, verh. Fuchsmagen, Anna von (ID: 5182) hat Ehe mit Fuchsmagen, Leopold (ID: 5181)",10383,5182,5181
"Schlanders, Anna von (ID: 5184) hat Ehe mit Schlanders, Paul von (ID: 5183)",10387,5184,5183
"Landau (Frau des Heinrich von Landau), N. von (ID: 5196) hat Ehe mit Landau, Heinrich von (ID: 5195)",10417,5196,5195
"Kloel, Christine (ID: 5216) hat Ehe mit Kloel, Benedikt (ID: 2718)",10495,5216,2718
"Senng, verh. Spieß, Anna (ID: 300) hat Ehe mit Spieß vom Spieß, Leopold (ID: 294)",10607,300,294
"Senng, Sophie (ID: 5237) hat Ehe mit Senng, Sigmund (ID: 2580)",10609,5237,2580
"Wittenbach, Resen von (ID: 5241) hat Ehe mit Wittenbach, Ulrich (ID: 3625)",10621,5241,3625
"Firmian, Clary von (ID: 5268) hat Ehe mit Eglsee, genannt Feigensteiner, Wilhelm von (ID: 2940)",10710,5268,2940
"Hard (Frau des Konrad Hard), N. (ID: 5381) hat Ehe mit Hard, Konrad (ID: 5238)",11067,5381,5238
"Weineck, verh. von Andlau, Beatrix von (ID: 5385) hat Ehe mit Andlau, Hans von (ID: 5384)",11074,5385,5384
"Firmian, verh. Turisan, Anna (ID: 5389) hat Ehe mit Turisan, Ulrich (ID: 1672)",11103,5389,1672
"Hertenfelder, verh. von Leonburg, Barbara (ID: 5391) hat Ehe mit Leonburg, Zyprian von (ID: 1402)",11114,5391,1402
"Rümlang, Hans (Konrad) von (ID: 2511) hat Ehe mit Rümlang, Barbara von (ID: 2512)",11256,2511,2512
"N. (Frau des Hans von Bärenfels), N. (ID: 5436) hat Ehe mit Bärenfels, Hans von (ID: 511)",11273,5436,511
"Uffenloch, Barbara von (ID: 5466) hat Ehe mit Giltlingen, Schimpf von (ID: 4480)",11374,5466,4480
"Oheim, verh. Hamerspach, verh. Walch, Elisabeth (ID: 5471) hat Ehe mit Walch, Sigmund (ID: 2977)",11419,5471,2977
"Freyberg, Helena von (ID: 5489) hat Ehe mit Freyberg (der Ältere), Michael von (ID: 4195)",11454,5489,4195
"Helfenstein, verh. von Castelbark, verh. von Brandis, Praxedis von (ID: 5498) hat Ehe mit Castelbark, Johann von (ID: 1666)",11483,5498,1666
"Helfenstein, verh. von Castelbark, verh. von Brandis, Praxedis von (ID: 5498) hat Ehe mit Brandis, Ulrich von (ID: 2539)",11498,5498,2539
"Brandis, Ulrich von (ID: 2539) hat Ehe mit Helfenstein, verh. von Castelbark, verh. von Brandis, Praxedis von (ID: 5498)",11583,2539,5498
"Helfenstein, verh. von Castelbark, verh. von Brandis, Praxedis von (ID: 5498) hat Ehe mit Brandis, Ulrich von (ID: 2539)",11634,5498,2539
"Knöringen, verh. von Etzdorf, Dorothea von (ID: 5528) hat Ehe mit Etzdorf, Kaspar von (ID: 5529)",11642,5528,5529
"Witzig, Christina (ID: 5549) hat Ehe mit Witzig, Klaus (ID: 617)",11808,5549,617
"Hofhaimer, Paul (ID: 4377) hat Ehe mit Hofhaimer, Susanna (ID: 4378)",11854,4377,4378
"Sal, Konrad von (ID: 886) hat Ehe mit Weineck, verh. von Sal (?), N. von (ID: 5575)",11888,886,5575
"Seibersdorf, verh. Gneus, Cäcilia (ID: 2530) hat Ehe mit Gneus, Vigilius (ID: 2294)",11907,2530,2294
"Firmian, verh. Rantl, N. (ID: 5582) hat Ehe mit Rantl, Paul (ID: 273)",11920,5582,273
"Brunner, verh. Eppaner von Eppburg, Anna (ID: 4249) hat Ehe mit Eppaner von Eppburg, Stefan (ID: 3585)",11960,4249,3585
"Dorn, Ursula (ID: 5599) hat Ehe mit Dorn, Heinrich (ID: 2358)",12006,5599,2358
"Dorn, Dorothea (ID: 5600) hat Ehe mit Dorn, Konrad (ID: 2357)",12010,5600,2357
"Brandis, Ulrich von (ID: 2539) hat Ehe mit Helfenstein, verh. von Castelbark, verh. von Brandis, Praxedis von (ID: 5498)",12034,2539,5498
"Rümlang, Veronika von (ID: 5433) hat Ehe mit Rümlang, Dietrich von (ID: 385)",12154,5433,385
"Senng, verh. Spieß, Anna (ID: 300) hat Ehe mit Spieß vom Spieß, Leopold (ID: 294)",12211,300,294
"Zimmermann, geb. Scherer, Anna (ID: 5712) hat Ehe mit Zimmermann, genannt Schätzer, Burkhard (ID: 5711)",12364,5712,5711
"Fieger, verh. Ebenstetter, Magdalena (ID: 4242) hat Ehe mit Ebenstetter, Adolf (ID: 4244)",12601,4242,4244
"Andlau (Frau des Walther von Andlau), N. von (ID: 5754) hat Ehe mit Andlau, Walther von (ID: 3019)",12618,5754,3019
"Schwend, Martha (ID: 5764) hat Ehe mit Schwend, Hans (ID: 5765)",12637,5764,5765
"Rotenstein, Heinrich von (ID: 251) hat Ehe mit Rotenstein, Kleopha von (ID: 5805)",12787,251,5805
"Fieger, verh. Ebenstetter, Magdalena (ID: 4242) hat Ehe mit Ebenstetter, Adolf (ID: 4244)",12797,4242,4244
"Hürnheim, verh. Stadion, Rosa von (ID: 5815) hat Ehe mit Stadion, Hans von (ID: 5814)",12840,5815,5814
"Ärtzingen, Simon von (ID: 5850) hat Ehe mit Ärtzingen, geb. Truchsess von Hufingen, Barbara von (ID: 5849)",13059,5850,5849
"Fuchsmagen, Sigmund (ID: 2389) hat Ehe mit Clävinger, verh. Fuchsmagen, Priska (ID: 3279)",13113,2389,3279
"Fuchsmagen, verh. Mertensdorfer, Margarethe (ID: 5855) hat Ehe mit Mertensdorfer, Heinrich (ID: 4028)",13116,5855,4028
"Montani, Matthias von (ID: 5950) hat Ehe mit Montani, Osanna von (ID: 5949)",13297,5950,5949
"Pücher, verh. Gansberger, Ainbet (ID: 6000) hat Ehe mit Gansberger, Andreas (ID: 5998)",13433,6000,5998
"Pücher, verh. Litscher, Anna (ID: 6001) hat Ehe mit Litscher, Ludwig (ID: 5999)",13434,6001,5999
"Fuchs, Hildegard (ID: 6007) hat Ehe mit Fuchs, Georg (ID: 4774)",13450,6007,4774
"Fuchs, Barbara (ID: 6023) hat Ehe mit Fuchs, Christian (ID: 3324)",13602,6023,3324
"Senng, verh. Spieß, Anna (ID: 300) hat Ehe mit Spieß vom Spieß, Leopold (ID: 294)",13652,300,294
"Montani, verh. von Freyberg, Magdalena (ID: 6048) hat Ehe mit Freyberg (zu Hohenfreyberg), Friedrich von (ID: 206)",13715,6048,206
"Gfeller, Ursula (ID: 6049) hat Ehe mit Gfeller, Alexander (ID: 5390)",13734,6049,5390
"Gufidaun, Katharina von (ID: 6088) hat Ehe mit Gufidaun, Sigmund von (ID: 6089)",13937,6088,6089
"Thurn, verh. von Villanders, Margarethe von (ID: 6106) hat Ehe mit Villanders, Balthasar von (ID: 6104)",13965,6106,6104
"Fridung, genannt (alter) Küchenmeister, Konrad (ID: 1268) hat Ehe mit Firmian, verh. Fridung, Agnes von (ID: 4438)",13970,1268,4438
"Gufidaun, verh. von Thun, Dorothea von (ID: 6116) hat Ehe mit Thun, Anton von (ID: 5052)",13979,6116,5052
"Gufidaun, verh. Sieberdorfer, Barbara von (ID: 6113) hat Ehe mit Sieberdorfer, Jörg (ID: 6112)",13994,6113,6112
"Staudinger, Barbara (ID: 6125) hat Ehe mit Staudinger, Georg (ID: 3368)",14038,6125,3368
"N., verh. von Firmian, verh. von Stetten, N. von (ID: 6138) hat Ehe mit Stetten, Sigmund von (ID: 6136)",14063,6138,6136
"Landau, Heinrich von (ID: 5195) hat Ehe mit Landau (Frau des Heinrich von Landau), N. von (ID: 5196)",14107,5195,5196
"Maßmünster, Ludwig von (ID: 301) hat Ehe mit Maßmünster, Ludwig von (ID: 301)",14140,301,301
"Mentlberger, Dorothea (ID: 6155) hat Ehe mit Mentlberger, Heinrich (ID: 1146)",14197,6155,1146
"Calaus, Wenzel (ID: 1948) hat Ehe mit Schachner, verh. Calaus, Walburga (ID: 3726)",14281,1948,3726
"Seibersdorf, verh. Gneus, Cäcilia (ID: 2530) hat Ehe mit Gneus, Vigilius (ID: 2294)",14301,2530,2294
"Wolf, Barbara (ID: 6188) hat Ehe mit Wolf, Burkhard (ID: 5235)",14308,6188,5235
"Kirchmair, verh. von Freyberg, Dorothea (ID: 6237) hat Ehe mit Freyberg, Lutz von (ID: 6236)",14426,6237,6236
"Klammer, verh. Heustadl, Gertraud (ID: 6184) hat Ehe mit Heustadl, Christoph (ID: 2281)",14516,6184,2281
"Oheim, verh. Hamerspach, verh. Walch, Elisabeth (ID: 5471) hat Ehe mit Walch, Sigmund (ID: 2977)",14702,5471,2977
"Hamerspach, Adam (ID: 1120) hat Ehe mit Oheim, verh. Hamerspach, verh. Walch, Elisabeth (ID: 5471)",14704,1120,5471
"Hachberg, Wilhelm von (ID: 6355) hat Ehe mit Montfort, verh. von Hachberg, Elisabeth von (ID: 6354)",14773,6355,6354
"Hachberg, verh. Truchsess von Waldburg, Ursula von (ID: 6356) hat Ehe mit Truchsess von Waldburg, Jakob (ID: 5288)",14779,6356,5288
"Ems, verh. Villenbach, Elisabeth von (ID: 1678) hat Ehe mit Villenbach (der Ältere), Klaus von (ID: 4232)",15043,1678,4232
"Clävinger, verh. Fuchsmagen, Priska (ID: 3279) hat Ehe mit Fuchsmagen, Sigmund (ID: 2389)",15064,3279,2389
"Schenk von Schenkenstein, Antoni (ID: 652) hat Ehe mit Annenberg, verh. Schenk von Schenkenstein, Helena von (ID: 3054)",15070,652,3054
"Fieger, Markus (ID: 6497) hat Ehe mit Schmidlein, verh. Fieger, Juliana (ID: 6495)",15078,6497,6495
"Windeck, Susanna (ID: 6508) hat Ehe mit Windeck, Ulrich (ID: 2366)",15141,6508,2366
"Eppaner, verh. Raindorfer, Benigna (ID: 6510) hat Ehe mit Raindorfer, Georg (ID: 2300)",15145,6510,2300
"N., verh. von Metri, Ursula (ID: 6511) hat Ehe mit Metri, Dietrich von (ID: 4395)",15149,6511,4395
"Stoffel, Heinrich von (ID: 4693) hat Ehe mit Wildenfels, verh. von Stoffel, Anastasia von (ID: 6541)",15260,4693,6541
"Freyberg zu Hohenfreyberg, Georg von (ID: 217) hat Ehe mit Freyberg, Dorothea von (ID: 6583)",15420,217,6583
"Freyberg, Helena von (ID: 5489) hat Ehe mit Freyberg (der Ältere), Michael von (ID: 4195)",15422,5489,4195
"Freyberg (Frau des Eberhard von Freyberg), N. von (ID: 6598) hat Ehe mit Freyberg, Eberhard von (ID: 181)",15484,6598,181
"Kellner, Wandela (ID: 6620) hat Ehe mit Keller, Johann (ID: 2105)",15644,6620,2105
"Brunstetter, N. (ID: 6636) hat Ehe mit Brunstetter, Thomas (ID: 6635)",15717,6636,6635
"Knapp (Frau des Hans Knapp), N. (ID: 6641) hat Ehe mit Knapp, Hans (ID: 4001)",15724,6641,4001
"Stoffel, Heinrich von (ID: 4693) hat Ehe mit Wildenfels, verh. von Stoffel, Anastasia von (ID: 6541)",15729,4693,6541
"Pflügl, Barbara (ID: 6644) hat Ehe mit Pflügl, Leonhard (ID: 5821)",15736,6644,5821
"Löweneck, Sigmund von (ID: 6646) hat Ehe mit König, Martha (ID: 6645)",15741,6646,6645
"N., verh. Pollinger, Margarethe (ID: 2602) hat Ehe mit Pollinger, Peter (ID: 2601)",15747,2602,2601
"Calopin, Jörg (ID: 6709) hat Ehe mit Calopin, N. (ID: 6710)",15920,6709,6710
"Hofhaimer (Frau des Paul Hofhaimer), N. (ID: 6717) hat Ehe mit Hofhaimer, Paul (ID: 4377)",15927,6717,4377
"Stummelpeck, verh. Fieger, Elisabeth (ID: 3051) hat Ehe mit Fieger, Niklas (ID: 4250)",16212,3051,4250
"Stummelpeck, verh. Rindsmaul, Anna (ID: 3052) hat Ehe mit Rindsmaul, Ruprecht (ID: 1623)",16214,3052,1623
"Rindsmaul, Ruprecht (ID: 1623) hat Ehe mit Stummelpeck, verh. Rindsmaul, Anna (ID: 3052)",16216,1623,3052
"Fieger, Niklas (ID: 4250) hat Ehe mit Stummelpeck, verh. Fieger, Elisabeth (ID: 3051)",16219,4250,3051
"Fieger, Niklas (ID: 4250) hat Ehe mit Stummelpeck, verh. Fieger, Elisabeth (ID: 3051)",16221,4250,3051
"Rindsmaul, Ruprecht (ID: 1623) hat Ehe mit Stummelpeck, verh. Rindsmaul, Anna (ID: 3052)",16224,1623,3052
"Rümlang, Hans (Konrad) von (ID: 2511) hat Ehe mit Rümlang, Barbara von (ID: 2512)",16226,2511,2512
"Glöckl (Frau des Hans Glöckl), N. (ID: 6779) hat Ehe mit Glöckl, Hans (ID: 6778)",16239,6779,6778
"Schraitenberger, Antonia (ID: 6781) hat Ehe mit Schraitenberger, Antoni (ID: 6782)",16259,6781,6782
"N., verh. Kälb, Christine (ID: 6801) hat Ehe mit Kälb, Hans (ID: 3594)",16372,6801,3594
"N., verh. von Grießen, Elisabeth (ID: 2514) hat Ehe mit Grießen, Rudolf von (ID: 2513)",16429,2514,2513
"Landeck, verh. Burggraf, Brigida von (ID: 6809) hat Ehe mit Burggraf, Georg (ID: 579)",16438,6809,579
"N., verh. von Metri, Ursula (ID: 6511) hat Ehe mit Metri, Dietrich von (ID: 4395)",16446,6511,4395
"Giel von Gielsberg, Rudolf (ID: 4964) hat Ehe mit Giel, Beatrix (ID: 6811)",16452,4964,6811
"N., verh. von Reinach, Amalia (ID: 6816) hat Ehe mit Reinach, Hamann von (ID: 1588)",16460,6816,1588
"N., verh. Kälb, Christine (ID: 6801) hat Ehe mit Kälb, Hans (ID: 3594)",16471,6801,3594
"N., verh. von Pondorf, Katharina (ID: 2522) hat Ehe mit Pondorf, Hans von (ID: 2521)",16474,2522,2521
"Brotlieb, N. (ID: 56) hat Ehe mit Brotlieb, Leonhard (ID: 20)",16572,56,20
"Sargans, Rudolf von (ID: 2523) hat Ehe mit N. (Kind von Erzherzog Sigmund), Sophie Lucia (ID: 2524)",16636,2523,2524
"Ortner, Martin (ID: 6852) hat Ehe mit N., verh. Ortner, Diemut (ID: 6853)",16651,6852,6853
"N., verh. Ortner, Diemut (ID: 6853) hat Ehe mit Ortner, Martin (ID: 6852)",16652,6853,6852
"Thun, verh. von Hack/Schintl/von Weineck, Dorothea von (ID: 3260) hat Ehe mit Weineck, Hildebrand von (ID: 6864)",16688,3260,6864
"Gradner, Bernhard (ID: 73) hat Ehe mit Starkenberg, verh. Gradner, Veronika von (ID: 4671)",16712,73,4671
"Truchsess von Waldburg, verh. von Starkenberg, Ursula (ID: 6866) hat Ehe mit Starkenberg, Ulrich von (ID: 6122)",16717,6866,6122
"Spieß, verh. von Freyberg, Anna von (ID: 6886) hat Ehe mit Freyberg, Eberhard von (ID: 181)",16774,6886,181
"N. (Kind von Erzherzog Sigmund), Sophie Lucia (ID: 2524) hat Ehe mit Sargans, Rudolf von (ID: 2523)",16820,2524,2523
"Landeck, Jakob von (ID: 2558) hat Ehe mit Haus, verh. von Landeck, Benedikta von (ID: 2560)",16835,2558,2560
"Rümlang, Veronika von (ID: 5433) hat Ehe mit Rümlang, Dietrich von (ID: 385)",16927,5433,385
"Rümlang (der Ältere), Heinrich von (ID: 255) hat Ehe mit Rümlang, Agnes von (ID: 6932)",16929,255,6932
"Schwend, Hans (ID: 5765) hat Ehe mit Schwend, Martha (ID: 5764)",16930,5765,5764
"Kaufmann, verh. Küssenpfennig, Elisabeth (ID: 6936) hat Ehe mit Küssenpfennig, Wolfgang (ID: 5005)",16951,6936,5005
"Sargans, Rudolf von (ID: 2523) hat Ehe mit N. (Kind von Erzherzog Sigmund), Sophie Lucia (ID: 2524)",17053,2523,2524
"Neideck, verh. von Honburg, Ursula von (ID: 6969) hat Ehe mit Honburg, Hans von (ID: 6968)",17102,6969,6968
"Spaur (der Ältere), Hans von (ID: 1266) hat Ehe mit Lichtenberg, verh. von Spaur, Verena von (ID: 1267)",17537,1266,1267
"Efringer, verh. von Ramstein, Agnes (ID: 7128) hat Ehe mit Ramstein, Heinrich von (ID: 5370)",17676,7128,5370
"Stummelpeck, verh. Fieger, Elisabeth (ID: 3051) hat Ehe mit Fieger, Niklas (ID: 4250)",17685,3051,4250
"Rindsmaul, Ruprecht (ID: 1623) hat Ehe mit Stummelpeck, verh. Rindsmaul, Anna (ID: 3052)",17687,1623,3052
"Freisleben, Barbara (ID: 7138) hat Ehe mit Freisleben, Bartholomäus (ID: 4416)",17706,7138,4416
"Rümlang, Hans (Konrad) von (ID: 2511) hat Ehe mit Rümlang, Barbara von (ID: 2512)",17795,2511,2512
"Monstral, Maria von (ID: 7163) hat Ehe mit Monstral, Antoni von (ID: 1884)",17818,7163,1884
"Kälb, Hans (ID: 3594) hat Ehe mit N., verh. Kälb, Christine (ID: 6801)",17822,3594,6801
"Neuhaus, N. von (ID: 7165) hat Ehe mit Neuhaus, Hans von (ID: 1378)",17841,7165,1378
"N., verh. Kannacher, verh. Häring, Margarethe (ID: 7167) hat Ehe mit Kannacher, Paul (ID: 995)",17849,7167,995
"N., verh. Kannacher, verh. Häring, Margarethe (ID: 7167) hat Ehe mit Häring, Heinrich (ID: 690)",17850,7167,690
"Blumenegg, Melchior von (ID: 4076) hat Ehe mit Schellenberg, verh. von Blumenegg, Paula von (ID: 7175)",17879,4076,7175
"Kirchmair, verh. Munchauer, Eva (ID: 7179) hat Ehe mit Munchauer, Hans (ID: 7178)",17888,7179,7178
"Thun, verh. von Hack/Schintl/von Weineck, Dorothea von (ID: 3260) hat Ehe mit Weineck, Hildebrand von (ID: 7187)",18032,3260,7187
"Sargans, Rudolf von (ID: 2523) hat Ehe mit N. (Kind von Erzherzog Sigmund), Sophie Lucia (ID: 2524)",18528,2523,2524
"Käl, Margarete (ID: 2145) hat Ehe mit Wolkenstein-Rodenegg (der Jüngere), Sigmund von (ID: 346)",18574,2145,346
"Schöb, Ursula (ID: 7312) hat Ehe mit Giel von Gielsberg, Werner (ID: 4965)",18607,7312,4965
"N. (Kind von Erzherzog Sigmund), Sophie Lucia (ID: 2524) hat Ehe mit Sargans, Rudolf von (ID: 2523)",18680,2524,2523
"Sargans, Rudolf von (ID: 2523) hat Ehe mit N. (Kind von Erzherzog Sigmund), Sophie Lucia (ID: 2524)",18759,2523,2524
"Freundsberg, verh. Matsch, Thekla von (ID: 7345) hat Ehe mit Matsch (der Ältere), Ulrich von (ID: 7344)",18890,7345,7344
"Matsch, Agnes von (ID: 7346) hat Ehe mit Matsch (der Jüngere), Ulrich von (ID: 241)",18891,7346,241
"Matsch, Agnes von (ID: 7346) hat Ehe mit Matsch (der Jüngere), Ulrich von (ID: 241)",18892,7346,241
"Matsch, verh. von Lupfen, Katharina von (ID: 7347) hat Ehe mit Lupfen, Sigmund von (ID: 4319)",18894,7347,4319
"Matsch, verh. von Fürstenberg, Kunigunde von (ID: 7349) hat Ehe mit Fürstenberg, Konrad von (ID: 7348)",18898,7349,7348
"Matsch, verh. von Trapp, Barbara von (ID: 7350) hat Ehe mit Trapp, Jakob (ID: 96)",18903,7350,96
"Luders (Frau des Peter Luders), N. (ID: 7366) hat Ehe mit Luders, Peter (ID: 7365)",18988,7366,7365
"Gall, Veronika (ID: 2485) hat Ehe mit Fernsteiner, Jenewein (ID: 2484)",19006,2485,2484
"Kneut, verh. von Grafeneck, Juliana (ID: 7371) hat Ehe mit Grafeneck, Wilhelm von (ID: 3481)",19011,7371,3481
"Pachler, verh. von Stetten, Elisabeth (ID: 7381) hat Ehe mit Stetten, Erasmus von (ID: 5545)",19068,7381,5545
"Fuchs von Fuchsberg, verh. von Cles, Dorothea (ID: 7396) hat Ehe mit Cles, Hildebrand von (ID: 334)",19197,7396,334
"Fuchs von Fuchsberg, Werner (ID: 233) hat Ehe mit Gföhlin von Korb, verh. Fuchs von Fuchsberg, Margarethe (ID: 7397)",19199,233,7397
"Tumbritzer, Agnes (ID: 7413) hat Ehe mit Tumbritzer, Balthasar (ID: 2571)",19347,7413,2571
"Hendl, Margarethe (ID: 7432) hat Ehe mit Hendl, Peter Paul (ID: 5265)",19382,7432,5265
"Fuchsmagen, Sigmund (ID: 2389) hat Ehe mit Clävinger, verh. Fuchsmagen, Priska (ID: 3279)",19398,2389,3279
"Hofenecker, Urban (ID: 3994) hat Ehe mit Hofenecker/Leo, Ursula (ID: 3993)",19400,3994,3993
"Rehdorfer, N. (ID: 7474) hat Ehe mit Rehdorfer, Fritz (ID: 160)",19723,7474,160
"Fröschel, verh. Gundreichinger, Corona (ID: 3203) hat Ehe mit Gundreichinger, Hans (ID: 4579)",20014,3203,4579
"Hechtensteiner, Magdalena (ID: 7567) hat Ehe mit Hechtensteiner, Hans (ID: 7568)",20037,7567,7568
"Fröschel, verh. Gundreichinger, Corona (ID: 3203) hat Ehe mit Gundreichinger, Hans (ID: 4579)",20068,3203,4579
"Fröschel, verh. Gundreichinger, Corona (ID: 3203) hat Ehe mit Gundreichinger, Hans (ID: 4579)",20088,3203,4579
"Munchauer, Hans (ID: 7178) hat Ehe mit Kirchmair, verh. Munchauer, Eva (ID: 7179)",20106,7178,7179
"Kirchmair, Ottilia (ID: 7612) hat Ehe mit Kirchmair, Sigmund (ID: 7611)",20109,7612,7611
"Michael, Hans (ID: 3349) hat Ehe mit N., verh. Michael, Margarethe (ID: 7669)",20284,3349,7669
"Turndl, verh. von Firmian, Helena (ID: 7759) hat Ehe mit Firmian, Vigilius von (ID: 2923)",20520,7759,2923
"N., verh. Plank, N. (ID: 7817) hat Ehe mit Plank, Balthasar (ID: 1132)",20639,7817,1132
"N., verh. Wolf, N. (ID: 7819) hat Ehe mit Wolf, Klaus (ID: 3432)",20643,7819,3432
"N., verh. Falkner, N. (ID: 7822) hat Ehe mit Falkner, Michael (ID: 11383)",20648,7822,11383
"Senng, verh. Spieß, Anna (ID: 300) hat Ehe mit Spieß vom Spieß, Leopold (ID: 294)",20873,300,294
"Senng, Sophie (ID: 5237) hat Ehe mit Vaist, Jakob (ID: 135)",20874,5237,135
"Leonburg, verh. Ratgeb, Benigna von (ID: 7872) hat Ehe mit Ratgeb, Felix (ID: 6771)",20878,7872,6771
"Pächl, Elisabeth (ID: 7903) hat Ehe mit Pächl, Peter (ID: 3256)",21125,7903,3256
"Fuchsmagen, verh. Rindsmaul, Margarethe (ID: 2614) hat Ehe mit Rindsmaul, Hermann (ID: 2612)",21132,2614,2612
"Weißpriach, Andreas von (ID: 7907) hat Ehe mit Ems, verh. von Freundsberg/von Weißpriach, Dorothea von (ID: 7906)",21151,7907,7906
"Hamerspach, verh. Mertensdorfer, Agnes (ID: 7909) hat Ehe mit Mertensdorfer, Hans (ID: 2720)",21159,7909,2720
"Ems, verh. Villenbach, Elisabeth von (ID: 1678) hat Ehe mit Villenbach (der Ältere), Klaus von (ID: 4232)",21168,1678,4232
"Fuchsmagen, Sigmund (ID: 2389) hat Ehe mit Clävinger, verh. Fuchsmagen, Priska (ID: 3279)",21175,2389,3279
"Thurn, verh. Feigensteiner, Anastasia von (ID: 4849) hat Ehe mit Eglsee, genannt Feigensteiner, Stefan von (ID: 3175)",21193,4849,3175
"Klammer, verh. Heustadl, Gertraud (ID: 6184) hat Ehe mit Heustadl, Christoph (ID: 2281)",21194,6184,2281
"Seibersdorf, verh. Gneus, Cäcilia (ID: 2530) hat Ehe mit Gneus, Vigilius (ID: 2294)",21210,2530,2294
"Nesius, verh. Kripp, Margarethe (ID: 7917) hat Ehe mit Kripp, Hans (ID: 24)",21222,7917,24
"Kripp, verh. Rietenburger, Barbara (ID: 7925) hat Ehe mit Rietenburger, Ernst (ID: 1271)",21254,7925,1271
"Gradner, Bernhard (ID: 73) hat Ehe mit Starkenberg, verh. Gradner, Veronika von (ID: 4671)",21295,73,4671
"Kripp, verh. von Achen, Dorothea (ID: 7949) hat Ehe mit Achen, Hans von (ID: 4301)",21328,7949,4301
"Kripp, verh. Stummelpeck, Magdalena (ID: 7951) hat Ehe mit Stummelpeck, Wolfgang (ID: 2024)",21340,7951,2024
"Eben, verh. Nesius, Offmey von (ID: 7952) hat Ehe mit Nesius, Melchior (ID: 7918)",21343,7952,7918
"Pamkircher, verh. Kripp, Dorothea (ID: 7953) hat Ehe mit Kripp, Hans (ID: 24)",21345,7953,24
"Häcklein, Wilhelm (ID: 7954) hat Ehe mit Kripp, verh. Häcklein, Ursula (ID: 7950)",21356,7954,7950
"Kripp, verh. Häcklein, Ursula (ID: 7950) hat Ehe mit Häcklein, Wilhelm (ID: 7954)",21357,7950,7954
"N. (Frau des Jörg Krebs), N. (ID: 7981) hat Ehe mit N. (Frau des Jörg Krebs), N. (ID: 7981)",21411,7981,7981
"Rietenburger, N. (ID: 8137) hat Ehe mit Rietenburger, Ernst (ID: 1271)",21836,8137,1271
"Rietenburger, N. (ID: 8137) hat Ehe mit Rietenburger, Ernst (ID: 1271)",21857,8137,1271
"Eisenhofer, Benina (ID: 8186) hat Ehe mit Eisenhofer, Ulrich (ID: 8185)",21896,8186,8185
"N., verh. Stehelein, Margarethe (ID: 8257) hat Ehe mit Stehelein, Hans (ID: 8256)",21998,8257,8256
"N., verh. Pfaudler, Gertraud (ID: 8273) hat Ehe mit Pfaudler (Trompeter), Hans (ID: 8272)",22028,8273,8272
"Ems, verh. von Säben, Gertraud von (ID: 6490) hat Ehe mit Säben, Oswald von (ID: 65)",22559,6490,65
"Guss von Gussenberg, Gerwig (ID: 8502) hat Ehe mit Säben, verh. Guss von Gussenberg, Barbara von (ID: 8501)",22561,8502,8501
"Säben, verh. Nussdorfer, Sparnella von (ID: 8504) hat Ehe mit Nussdorfer, Marx (ID: 8503)",22562,8504,8503
"Elacher, Barbara (ID: 8565) hat Ehe mit Erlacher, Wolfgang (ID: 4192)",22819,8565,4192
"Endingen, Gertraud von (ID: 8777) hat Ehe mit Endingen, Bernhard von (ID: 4479)",23171,8777,4479
"Westenburger, N. (ID: 8783) hat Ehe mit Westenburger, Urban (ID: 8680)",23185,8783,8680
"Zimmermann (Frau des Konrad Zimmermann), N. (ID: 8894) hat Ehe mit Zimmermann (Frau des Konrad Zimmermann), N. (ID: 8894)",23471,8894,8894
"N., verh. Kindhausen, Margarethe (ID: 8931) hat Ehe mit Kindhausen, Leonhard von (ID: 869)",23538,8931,869
"N., verh. Schätzer, N. (ID: 9013) hat Ehe mit Schätzer, Georg (ID: 990)",23698,9013,990
"Büchsenmeister (Frau des Niklas Büchsenmeister), N. (ID: 9147) hat Ehe mit Büchsenmeister, Niklas (ID: 6233)",24033,9147,6233
"Selos (w), N. (ID: 9150) hat Ehe mit Selos, Hans (ID: 6391)",24041,9150,6391
"Has (Frau des Jakob Has), N. (ID: 9155) hat Ehe mit Has, Jakob (ID: 757)",24053,9155,757
"Stapffuß (w), N. (ID: 9157) hat Ehe mit Stapffuß, N. (ID: 9156)",24059,9157,9156
"Schlosser, Apollonia (ID: 8904) hat Ehe mit Schlosser, Lienhard (ID: 9201)",24327,8904,9201
"Pfudler, Leonhard (ID: 828) hat Ehe mit N., verh. Pfudler, N. (ID: 9283)",24795,828,9283
"N., verh. Posauner, N. (ID: 9289) hat Ehe mit Posauner, Konrad (ID: 795)",24805,9289,795
"Blüml, N. (ID: 9408) hat Ehe mit Blüml, Barbara (ID: 9409)",25057,9408,9409
"Rockenburger, Anna (ID: 9411) hat Ehe mit Rockenburger, Niklas (ID: 7636)",25059,9411,7636
"N., verh. Michael, Margarethe (ID: 7669) hat Ehe mit Michael, Hans (ID: 3349)",25061,7669,3349
"Tumbritzer, verh. von Thun, Anna (ID: 9476) hat Ehe mit Thun zu Königsberg, Simon von (ID: 232)",25235,9476,232
"Mundsberger, verh. Posch, N. (ID: 9795) hat Ehe mit Mundsberger, verh. Posch, N. (ID: 9795)",25687,9795,9795
"Trompeter, Elisabeth (ID: 9803) hat Ehe mit Trompeter, Bernhard (ID: 9801)",25697,9803,9801
"Brotlieb, Leonhard (ID: 20) hat Ehe mit Brotlieb, N. (ID: 56)",25987,20,56
"N., verh. Falkner, Veronika (ID: 9889) hat Ehe mit Falkner, Michael (ID: 11383)",26056,9889,11383
"Pfaudler (Trompeter), Hans (ID: 8272) hat Ehe mit N., verh. Pfaudler, Gertraud (ID: 8273)",26547,8272,8273
"Zäggi, verh. Feierabend, N. (ID: 10059) hat Ehe mit Feierabend, N. (ID: 10058)",26993,10059,10058
"Widerstein, Dorothea (ID: 11525) hat Ehe mit Widerstein, Hans (ID: 9244)",27093,11525,9244
"Wüsterburger, N. (ID: 11529) hat Ehe mit Wüsterburger, Friedrich (ID: 11528)",27119,11529,11528
"Speck, Margarethe (ID: 11530) hat Ehe mit Speck, Hans (ID: 9194)",27121,11530,9194
"Speck, Margarethe (ID: 11530) hat Ehe mit Speck, Hans (ID: 9194)",27125,11530,9194
"Panthel (weiblich), N. (ID: 11025) hat Ehe mit Panthel, N. (ID: 11023)",27196,11025,11023
"Thanndorfer, N. (ID: 11550) hat Ehe mit Gneus, N. (ID: 8260)",27774,11550,8260
"Dorn, verh. Überlinger, Ursula (ID: 11107) hat Ehe mit Überlinger, Hans (ID: 604)",27792,11107,604
"Oheim, Margarethe (ID: 11555) hat Ehe mit Oheim, Urban (ID: 8674)",27796,11555,8674
"Posch, Magdalena (ID: 11557) hat Ehe mit Posch, Hans (ID: 9793)",27798,11557,9793
"Bubenhofen (Frau des Jörg von Bubenhofen), N. von (ID: 12045) hat Ehe mit Bubenhofen, Jörg von (ID: 3616)",27839,12045,3616
"Freyberg (Frau des Michael von Freyberg), N. von (ID: 12424) hat Ehe mit Freyberg, Michael von (ID: 5221)",28187,12424,5221
"Hirsch, N. (ID: 10188) hat Ehe mit Hirsch (Mann der N. Hirsch), N. (ID: 10187)",28393,10188,10187
"Matz, N. (ID: 10203) hat Ehe mit Matz, Kunz (ID: 10047)",28438,10203,10047
"Matz, N. (ID: 10203) hat Ehe mit Matz, Kunz (ID: 10047)",28510,10203,10047
"Falkner, Barbara (ID: 121) hat Ehe mit Falkner, Peter (ID: 120)",28523,121,120
"Koch, N. (ID: 10246) hat Ehe mit Koch, Niklas (ID: 9261)",28593,10246,9261
"Pürckl, N. (ID: 10250) hat Ehe mit Pürckl, Augustin (ID: 10199)",28607,10250,10199
"N. (Frau des Ludwig N. (Büchsenknecht)), N. (ID: 10254) hat Ehe mit N. (Büchsenknecht), Ludwig (ID: 8432)",28613,10254,8432
"Richler, Agnes (ID: 10274) hat Ehe mit Richler, Sixt (ID: 750)",28773,10274,750
"Schmied, Agnes (ID: 9210) hat Ehe mit Schmied, Kunz (ID: 10277)",28789,9210,10277
"Eitenhauser, Elisabeth (ID: 10279) hat Ehe mit Eitenhauser, Hans (ID: 9870)",28798,10279,9870
"Schlosser, Apollonia (ID: 8904) hat Ehe mit Schlosser, Lienhard (ID: 9201)",28825,8904,9201
"Kürschner, Margarethe (ID: 10283) hat Ehe mit Kürschner, Thomas (ID: 8238)",28930,10283,8238
"Feierabend, N. (ID: 10058) hat Ehe mit Zäggi, verh. Feierabend, N. (ID: 10059)",29262,10058,10059
"Feierabend, N. (ID: 10058) hat Ehe mit Zäggi, verh. Feierabend, N. (ID: 10059)",29263,10058,10059
"Grießen, Rudolf von (ID: 2513) hat Ehe mit Grießen, Dorothea von (ID: 2595)",29301,2513,2595
"Ems, verh. von Säben, Gertraud von (ID: 6490) hat Ehe mit Säben, Oswald von (ID: 65)",29371,6490,65
"Koch, N. (ID: 10246) hat Ehe mit Koch, Niklas (ID: 9261)",29611,10246,9261
"Trauner, verh. Zenger, N. (ID: 10428) hat Ehe mit Zenger zu Lichtenwald, Wolfgang (ID: 10427)",29686,10428,10427
"Nef, Elisabeth (ID: 10443) hat Ehe mit Nef, Lorenz (ID: 5317)",29735,10443,5317
"Nef, Elisabeth (ID: 10443) hat Ehe mit Nef, Lorenz (ID: 5317)",29737,10443,5317
"N., verh. Kindhausen, Margarethe (ID: 8931) hat Ehe mit Kindhausen, Leonhard von (ID: 869)",30036,8931,869
"Montsberg, N. von (ID: 10589) hat Ehe mit Posch, Hans (ID: 9793)",30491,10589,9793
"Hausen, Anna von (ID: 10623) hat Ehe mit Hausen, Burkhard von (ID: 125)",30620,10623,125
"Pücher, verh. Gansberger, Ainbet (ID: 6000) hat Ehe mit Gansberger, Andreas (ID: 5998)",30647,6000,5998
"Pücher, verh. Litscher, Anna (ID: 6001) hat Ehe mit Litscher, Ludwig (ID: 5999)",30649,6001,5999
"Münzmeister, Barbara (ID: 10630) hat Ehe mit Münzmeister, Engelhard (ID: 10629)",30661,10630,10629
"Waldenburg, Friedrich von (ID: 1073) hat Ehe mit Grafeneck, verh. von Waldenburg, Ursula von (ID: 4183)",30679,1073,4183
"Speck, Margarethe (ID: 11530) hat Ehe mit Speck, Hans (ID: 9194)",30787,11530,9194
"Speck, Margarethe (ID: 11530) hat Ehe mit Speck, Hans (ID: 9194)",30788,11530,9194
"Dorn, verh. Überlinger, Ursula (ID: 11107) hat Ehe mit Überlinger, Hans (ID: 604)",30797,11107,604
"Fieger, Niklas (ID: 4250) hat Ehe mit Stummelpeck, verh. Fieger, Elisabeth (ID: 3051)",30954,4250,3051
"Zuschroter, Anna (ID: 11293) hat Ehe mit Zuschroter, Hans (ID: 11292)",31123,11293,11292
"Habsberg, Mang von (ID: 467) hat Ehe mit Thun, verh. von Habsberg, Benigna von (ID: 4188)",31158,467,4188
"Trompeter (Frau des Gabriel Trompeter), N. (ID: 10678) hat Ehe mit Trompeter, Gabriel (ID: 6372)",31204,10678,6372
"Koch, N. (ID: 10246) hat Ehe mit Koch, Niklas (ID: 9261)",31227,10246,9261
"Scherer, Peter (ID: 11511) hat Ehe mit Scherer, N. (ID: 11510)",31264,11511,11510
"Plochinger (Frau des Hans Plochinger), N. (ID: 11223) hat Ehe mit Plochinger, Hans (ID: 1162)",31411,11223,1162
"Pfeifer (Frau des Fritz Pfeifer), N. (ID: 10691) hat Ehe mit Pfeifer, Fritz (ID: 1037)",31469,10691,1037
"Pfeifer (Frau des Fritz Pfeifer), N. (ID: 10691) hat Ehe mit Pfeifer, Fritz (ID: 1037)",31486,10691,1037
"Pfeifer (Frau des Hans Pfeifer), N. (ID: 10692) hat Ehe mit Pfeifer, Hans (ID: 1938)",31488,10692,1938
"Pfeifer (Frau des Antoni Pfeifer), N. (ID: 10693) hat Ehe mit Pfeifer, Antoni (ID: 9864)",31491,10693,9864
"Pfeifer (Frau des Hans Pfeifer), N. (ID: 10692) hat Ehe mit Pfeifer, Hans (ID: 1938)",31494,10692,1938
"Pfeifer (Frau des Antoni Pfeifer), N. (ID: 10693) hat Ehe mit Pfeifer, Antoni (ID: 9864)",31496,10693,9864
"Pfeifer (Frau des Fritz Pfeifer), N. (ID: 10691) hat Ehe mit Pfeifer, Fritz (ID: 1037)",31498,10691,1037
"Eitenhauser, Hans (ID: 9870) hat Ehe mit Eitenhauser, Elisabeth (ID: 10279)",31614,9870,10279
"Gföhlin von Korb, verh. Fuchs von Fuchsberg, Margarethe (ID: 7397) hat Ehe mit Fuchs von Fuchsberg, Werner (ID: 233)",31900,7397,233
"Knöringen, verh. von Etzdorf, Dorothea von (ID: 5528) hat Ehe mit Etzdorf, Kaspar von (ID: 5529)",31911,5528,5529
"Hummel, Margarethe (ID: 2607) hat Ehe mit Hummel, Ludwig (ID: 7544)",31976,2607,7544
"Eitenhauser, Hans (ID: 9870) hat Ehe mit Eitenhauser, Elisabeth (ID: 10279)",32108,9870,10279
"Eitenhauser, Hans (ID: 9870) hat Ehe mit Eitenhauser, Elisabeth (ID: 10279)",32110,9870,10279
"Eitenhauser, Hans (ID: 9870) hat Ehe mit Eitenhauser, Elisabeth (ID: 10279)",32112,9870,10279
"Eitenhauser, Hans (ID: 9870) hat Ehe mit Eitenhauser, Elisabeth (ID: 10279)",32114,9870,10279
"Eitenhauser, Hans (ID: 9870) hat Ehe mit Eitenhauser, Elisabeth (ID: 10279)",32117,9870,10279
"Eitenhauser, Hans (ID: 9870) hat Ehe mit Eitenhauser, Elisabeth (ID: 10279)",32120,9870,10279
"Stock (Frau des N. Stock), N. (ID: 12104) hat Ehe mit Stock, N. (ID: 1779)",32192,12104,1779
"Sal, Konrad von (ID: 886) hat Ehe mit N. (Frau des Konrad von Sal), N. (ID: 2159)",32375,886,2159
"Kellner (Frau des Erhard Kellner), N. (ID: 11861) hat Ehe mit Kellner, Erhard (ID: 4014)",32395,11861,4014
"Penteler, Osanna (ID: 11458) hat Ehe mit Penteler, N. (ID: 11459)",32456,11458,11459
"Richler, Agnes (ID: 10274) hat Ehe mit Richler, Sixt (ID: 750)",32563,10274,750
"Imgreut, Ursula (ID: 3241) hat Ehe mit Imgreut, Heinz (ID: 3240)",32700,3241,3240
"Schlosser, Apollonia (ID: 8904) hat Ehe mit Schlosser, Lienhard (ID: 9201)",32723,8904,9201
"Beck, Anna (ID: 10824) hat Ehe mit Beck, Christian (ID: 10823)",32773,10824,10823
"Pfeifer (Frau des Fritz Pfeifer), N. (ID: 10691) hat Ehe mit Pfeifer, Fritz (ID: 1037)",33074,10691,1037
"Speck, Margarethe (ID: 11530) hat Ehe mit Speck, Hans (ID: 9194)",33108,11530,9194
"Malosco (Frau des Wilhelm Malosco), N. (ID: 12219) hat Ehe mit Malosco, Wilhelm (ID: 3178)",33224,12219,3178
"Malosco (Frau des Wilhelm Malosco), N. (ID: 12219) hat Ehe mit Malosco, Wilhelm (ID: 3178)",33226,12219,3178
"Malosco (Frau des Wilhelm Malosco), N. (ID: 12219) hat Ehe mit Malosco, Wilhelm (ID: 3178)",33227,12219,3178
"Klingenberg (Frau des Heinrich von Klingenberg), N. von (ID: 12222) hat Ehe mit Klingenberg, Heinrich von (ID: 409)",33232,12222,409
"Knöringen (Frau des Eitelhans von Knöringen), N. von (ID: 11333) hat Ehe mit Knöringen, Eitelhans von (ID: 3636)",33242,11333,3636
"Bote (Frau des Andreas Bote), N. (ID: 12127) hat Ehe mit Bote (Frau des Andreas Bote), N. (ID: 12127)",33663,12127,12127
"Barbier (Frau des Sigmund Barbier), N. (ID: 12132) hat Ehe mit Barbier, Sigmund (ID: 791)",33676,12132,791
"Heizer (Frau des Urban Heizer), N. (ID: 12133) hat Ehe mit Heizer, Urban (ID: 10841)",33682,12133,10841
"Heizer (Frau des Urban Heizer), N. (ID: 12133) hat Ehe mit Heizer, Urban (ID: 10841)",33684,12133,10841
"Schmied (Frau des Peter Schmied), N. (ID: 10871) hat Ehe mit Schmied, Peter (ID: 6277)",33722,10871,6277
"Bogner (Frau des Ludwig Bogner), N. (ID: 10872) hat Ehe mit Bogner, Ludwig (ID: 9200)",33724,10872,9200
"Krättler, Jörg (ID: 769) hat Ehe mit N. (Frau des Jörg Krättler), N. (ID: 3226)",33847,769,3226
"Krättler, Jörg (ID: 769) hat Ehe mit N. (Frau des Jörg Krättler), N. (ID: 3226)",33850,769,3226
"Münzer (Frau des Stefan Münzer), N. (ID: 12143) hat Ehe mit Münzer, Stefan (ID: 12142)",34308,12143,12142
"Turndl, N. (ID: 11719) hat Ehe mit Turndl, Matthias (ID: 2933)",34392,11719,2933
"Bogner (Frau des Heinrich Bogner), N. (ID: 11720) hat Ehe mit Bogner, Heinrich (ID: 11514)",34398,11720,11514
"Widerstein, N. (ID: 11216) hat Ehe mit Widerstein, Hans (ID: 9244)",34401,11216,9244
"Seidennater, N. (ID: 11721) hat Ehe mit Seidennater, Konrad (ID: 9041)",34407,11721,9041
"Schwäbel, Anna (ID: 11722) hat Ehe mit Schwäbel, Hans (ID: 9514)",34409,11722,9514
"Maler (Frau des Thomas Maler), N. (ID: 11457) hat Ehe mit Maler, Thomas (ID: 11062)",34411,11457,11062
"Tischler (Frau des Gilg Tischler), N. (ID: 11723) hat Ehe mit Tischler, Gilg (ID: 8396)",34414,11723,8396
"Steger (Frau des Kaspar Steger), N. (ID: 11725) hat Ehe mit Steger, Kaspar (ID: 3243)",34424,11725,3243
"N., verh. Kälb, Christine (ID: 6801) hat Ehe mit Kälb, Hans (ID: 3594)",34559,6801,3594
"N., Lukas (ID: 10935) hat Ehe mit N. (Töchter von Sigmund), Veronika (ID: 10934)",34565,10935,10934
"Hallwyl, verh. von Klingenberg, Margarethe von (ID: 4935) hat Ehe mit Klingenberg, Heinrich von (ID: 409)",34808,4935,409
"Rockenburger, Anna (ID: 9411) hat Ehe mit Rockenburger, Niklas (ID: 7636)",34983,9411,7636
"Michael, Hans (ID: 3349) hat Ehe mit N., verh. Michael, Margarethe (ID: 7669)",34984,3349,7669
"Vogt, N. (ID: 11001) hat Ehe mit Vogt, Burkhard (ID: 9572)",35014,11001,9572
"Falkner, Barbara (ID: 121) hat Ehe mit Falkner, Peter (ID: 120)",35031,121,120
"Überlinger, N. (weiblich) (ID: 738) hat Ehe mit Überlinger, Hans (ID: 604)",35049,738,604
"Panthel (weiblich), N. (ID: 11025) hat Ehe mit Panthel, N. (ID: 11023)",35072,11025,11023
"Holupp, Agathe (ID: 11096) hat Ehe mit Holupp, Hans (ID: 11095)",35327,11096,11095
"Gundreichinger, Hans (ID: 4579) hat Ehe mit Fröschel, verh. Gundreichinger, Corona (ID: 3203)",35348,4579,3203
"Dorn, verh. Überlinger, Ursula (ID: 11107) hat Ehe mit Überlinger, Hans (ID: 604)",35357,11107,604
"Aininger, Anna (ID: 11148) hat Ehe mit Aininger, Hans (ID: 11147)",35486,11148,11147
"Mösel, Magdalena (ID: 12323) hat Ehe mit Mösel, Peter (ID: 1166)",35570,12323,1166
"Widerstein, N. (ID: 11216) hat Ehe mit Widerstein, Hans (ID: 9244)",35757,11216,9244
"Steinacher, Agnes (ID: 11217) hat Ehe mit Steinacher, Michael (ID: 10774)",35763,11217,10774
"Plochinger (Frau des Hans Plochinger), N. (ID: 11223) hat Ehe mit Plochinger, Hans (ID: 1162)",35785,11223,1162
"N., verh. Plank, N. (ID: 7817) hat Ehe mit Plank, Balthasar (ID: 1132)",35801,7817,1132
"Widerstein, N. (ID: 11216) hat Ehe mit Widerstein, Hans (ID: 9244)",35821,11216,9244
"Widerstein, N. (ID: 11216) hat Ehe mit Widerstein, Hans (ID: 9244)",35822,11216,9244
"Widerstein, N. (ID: 11216) hat Ehe mit Widerstein, Hans (ID: 9244)",35823,11216,9244
"Pentel, N. (ID: 11239) hat Ehe mit Pentel (Gärtner), N. (ID: 11238)",35865,11239,11238
"Gulden, Hans (ID: 9530) hat Ehe mit Gulden, Christina (ID: 11241)",35870,9530,11241
"Imgreut, Ursula (ID: 3241) hat Ehe mit Imgreut, Heinz (ID: 3240)",36116,3241,3240
"Imgreut, Ursula (ID: 3241) hat Ehe mit Imgreut, Heinz (ID: 3240)",36140,3241,3240
"Nef, Elisabeth (ID: 10443) hat Ehe mit Nef, Lorenz (ID: 5317)",36209,10443,5317
"Knöringen (Frau des Eitelhans von Knöringen), N. von (ID: 11333) hat Ehe mit Knöringen, Eitelhans von (ID: 3636)",36215,11333,3636
"Heizer, Margarethe (ID: 11288) hat Ehe mit Heizer, Urban (ID: 10841)",36219,11288,10841
"Heizer, Margarethe (ID: 11288) hat Ehe mit Heizer, Urban (ID: 10841)",36229,11288,10841
"Arzt, Hans (ID: 6290) hat Ehe mit Arzt (Frau des Hans Arzt), N. (ID: 11289)",36242,6290,11289
"Dorn, verh. Überlinger, Ursula (ID: 11107) hat Ehe mit Überlinger, Hans (ID: 604)",36260,11107,604
"Heizer, Margarethe (ID: 11288) hat Ehe mit Heizer, Urban (ID: 10841)",36332,11288,10841
"Arzt, Hans (ID: 6290) hat Ehe mit Arzt (Frau des Hans Arzt), N. (ID: 11289)",36343,6290,11289
"Zuschroter, Anna (ID: 11293) hat Ehe mit Zuschroter, Hans (ID: 11292)",36352,11293,11292
"Pollinger (Frau des Peter Pollinger), N. (ID: 11776) hat Ehe mit Pollinger, Peter (ID: 2601)",36456,11776,2601
"Stern (Frau des Peter Stern), N. (ID: 11785) hat Ehe mit Stern, Peter (ID: 11784)",36476,11785,11784
"Fröschel, verh. Gundreichinger, Corona (ID: 3203) hat Ehe mit Gundreichinger, Hans (ID: 4579)",36673,3203,4579
"Knöringen (Frau des Eitelhans von Knöringen), N. von (ID: 11333) hat Ehe mit Knöringen, Eitelhans von (ID: 3636)",36680,11333,3636
"Pfudler (Frau des Hans Pfudler), N. (ID: 12330) hat Ehe mit Pfudler, Hans (ID: 613)",36876,12330,613
"Pfudler (Frau des Hans Pfudler), N. (ID: 12330) hat Ehe mit Pfudler, Hans (ID: 613)",36899,12330,613
"N., verh. Plank, N. (ID: 7817) hat Ehe mit Plank, Balthasar (ID: 1132)",37089,7817,1132
"Plochinger (Frau des Hans Plochinger), N. (ID: 11223) hat Ehe mit Plochinger, Hans (ID: 1162)",37198,11223,1162
"Maler (Frau des Thomas Maler), N. (ID: 11457) hat Ehe mit Maler, Thomas (ID: 11062)",37199,11457,11062
"Maler (Frau des Thomas Maler), N. (ID: 11457) hat Ehe mit Maler, Thomas (ID: 11062)",37200,11457,11062
"Penteler, Osanna (ID: 11458) hat Ehe mit Penteler, N. (ID: 11459)",37205,11458,11459
"Plochinger (Frau des Hans Plochinger), N. (ID: 11223) hat Ehe mit Plochinger, Hans (ID: 1162)",37226,11223,1162
"Scherer, Peter (ID: 11511) hat Ehe mit Scherer, N. (ID: 11510)",37380,11511,11510
"Scherer, Peter (ID: 11511) hat Ehe mit Scherer, N. (ID: 11510)",37383,11511,11510
"Maler, Thomas (ID: 11062) hat Ehe mit Maler (Frau des Thomas Maler), N. (ID: 11457)",37391,11062,11457
"Klammer, verh. Heustadl, Gertraud (ID: 6184) hat Ehe mit Heustadl, Christoph (ID: 2281)",37651,6184,2281
"Bair (Frau des Hans Bair), N. (ID: 12743) hat Ehe mit Bair (Aufleger), Hans (ID: 12742)",37839,12743,12742
"Mösel, Magdalena (ID: 12323) hat Ehe mit Mösel, Peter (ID: 1166)",38142,12323,1166
"Fröschel, verh. Gundreichinger, Corona (ID: 3203) hat Ehe mit Gundreichinger, Hans (ID: 4579)",38249,3203,4579
"N., verh. Tschan, verh. Jordan, N. (ID: 12820) hat Ehe mit Port, genannt Tschan, Nikolaus (ID: 4871)",38314,12820,4871
"N., verh. Tschan, verh. Jordan, N. (ID: 12820) hat Ehe mit Jordan, Kaspar (ID: 12819)",38315,12820,12819
"Schlosser, Lienhard (ID: 9201) hat Ehe mit Schlosser, Apollonia (ID: 8904)",38345,9201,8904
"Schlosser, Apollonia (ID: 8904) hat Ehe mit Schlosser, Lienhard (ID: 9201)",38378,8904,9201
"Schwäbel, Anna (ID: 11722) hat Ehe mit Schwäbel, Hans (ID: 9514)",38547,11722,9514
"Schwäbel, Anna (ID: 11722) hat Ehe mit Schwäbel, Hans (ID: 9514)",38735,11722,9514
"Kugele, Dorothea (ID: 13002) hat Ehe mit Kugele, N. (ID: 11190)",38961,13002,11190
"Imgreut, Ursula (ID: 3241) hat Ehe mit Imgreut, Heinz (ID: 3240)",39075,3241,3240
"Falkner, Barbara (ID: 121) hat Ehe mit Falkner, Peter (ID: 120)",39244,121,120
"Klein, Elisabeth (ID: 13085) hat Ehe mit Klein (Wirt), N. (ID: 13084)",39600,13085,13084
"Weineck, Katharina von (ID: 1275) hat Ehe mit Weineck, Leonhard von (ID: 954)",39646,1275,954
"Fröschel, verh. Gundreichinger, Corona (ID: 3203) hat Ehe mit Gundreichinger, Hans (ID: 4579)",39788,3203,4579
"Malosco (Frau des Walther Malosco), N. (ID: 13111) hat Ehe mit Malosco, Walther (ID: 13109)",39799,13111,13109
"Haus, verh. von Landeck, Benedikta von (ID: 2560) hat Ehe mit Landeck, Jakob von (ID: 2558)",39805,2560,2558
"Tiesser, Hans (ID: 13113) hat Ehe mit Tiesser, Gertraud (ID: 13114)",39807,13113,13114
"Tiesser, Hans (ID: 13113) hat Ehe mit Tiesser, Gertraud (ID: 13114)",39810,13113,13114
"Emershofen, geb. von Scherzingen, Ursula von (ID: 13116) hat Ehe mit Emershofen, Hans von (ID: 358)",39811,13116,358
"Hallwyl, verh. von Klingenberg, Margarethe von (ID: 4935) hat Ehe mit Klingenberg, Heinrich von (ID: 409)",39814,4935,409
"Tiesser, Hans (ID: 13113) hat Ehe mit Tiesser, Gertraud (ID: 13114)",39815,13113,13114
"Hausen (Frau des Oswald von Hausen), N. von (ID: 13117) hat Ehe mit Hausen, Oswald von (ID: 552)",39818,13117,552
"Senng, verh. Spieß, Anna (ID: 300) hat Ehe mit Spieß vom Spieß, Leopold (ID: 294)",39819,300,294
"Langeisen, Margarethe (ID: 13126) hat Ehe mit Langeisen, Kilian (ID: 11703)",39859,13126,11703
"Freyberg (Frau des Michael von Freyberg), N. von (ID: 12424) hat Ehe mit Freyberg, Michael von (ID: 5221)",39971,12424,5221
"N., verh. Plank, N. (ID: 7817) hat Ehe mit Plank, Balthasar (ID: 1132)",40189,7817,1132
"Pfudler (Frau des Hans Pfudler), N. (ID: 12330) hat Ehe mit Pfudler, Hans (ID: 613)",40313,12330,613
"Ruckenhauser (Frau des Hans Ruckenhauser), N. (ID: 13229) hat Ehe mit Ruckenhauser, Hans (ID: 799)",40324,13229,799
"Krinegger (Frau des Erhard Krinegger), N. (ID: 13334) hat Ehe mit Krinegger, Erhard (ID: 10986)",40798,13334,10986
"Krinegger (Frau des Erhard Krinegger), N. (ID: 13334) hat Ehe mit Krinegger, Erhard (ID: 10986)",40799,13334,10986
"Krinegger (Frau des Erhard Krinegger), N. (ID: 13334) hat Ehe mit Krinegger, Erhard (ID: 10986)",40800,13334,10986
"Pfudler, Hans (ID: 613) hat Ehe mit Pfudler (Frau des Hans Pfudler), N. (ID: 12330)",40876,613,12330
"Ammann (Frau des Jörg Ammann (Lauingen)), N. (ID: 13373) hat Ehe mit Ammann (Lauingen), Jörg (ID: 12474)",41226,13373,12474
"Hochwart (Frau des Georg Hochwart), N. (ID: 13375) hat Ehe mit Hochwart, Georg (ID: 740)",41239,13375,740
"Beck (Frau des Kaspar Beck), N. (ID: 13386) hat Ehe mit Beck, Kaspar (ID: 13385)",41278,13386,13385
"Bock (Frau des Kaspar Bock), N. (ID: 735) hat Ehe mit Bock, Kaspar (ID: 645)",41284,735,645
"Schweifstetter (Frau des Peter Schweifstetter), N. (ID: 13414) hat Ehe mit Schweifstetter, Peter (ID: 13413)",41434,13414,13413
"Scheiber (Frau des Sebastian Scheiber), N. (ID: 668) hat Ehe mit Scheiber, Sebastian (ID: 667)",41465,668,667
"Krinegger, Erhard (ID: 10986) hat Ehe mit Krinegger (Frau des Erhard Krinegger), N. (ID: 13334)",41551,10986,13334
"Krättler, Jörg (ID: 769) hat Ehe mit N. (Frau des Jörg Krättler), N. (ID: 3226)",41636,769,3226
"Ring, Klaus (ID: 4389) hat Ehe mit Wall, verh. Ring, Ursula von (ID: 4390)",41726,4389,4390
"Pollinger, Peter (ID: 2601) hat Ehe mit N., verh. Pollinger, Margarethe (ID: 2602)",42022,2601,2602
"Schmied, Gilg (ID: 7858) hat Ehe mit Schmied (Frau des Gilg Schmied), N. (ID: 13578)",42395,7858,13578
"Schmied, Gilg (ID: 7858) hat Ehe mit Schmied (Frau des Gilg Schmied), N. (ID: 13578)",42396,7858,13578
"Rockenburger, Niklas (ID: 7636) hat Ehe mit Rockenburger, Anna (ID: 9411)",42558,7636,9411
"Rockenburger, Niklas (ID: 7636) hat Ehe mit Rockenburger, Anna (ID: 9411)",42559,7636,9411
"Rockenburger, Niklas (ID: 7636) hat Ehe mit Rockenburger, Anna (ID: 9411)",42560,7636,9411
"Dorn, verh. Wieshaid, Anna (ID: 13609) hat Ehe mit Wieshaid, Hans (ID: 2343)",43057,13609,2343
"Wieshaid, Hans (ID: 2343) hat Ehe mit Dorn, verh. Wieshaid, Anna (ID: 13609)",43059,2343,13609
"Völs, verh. Murringer, Elisabeth von (ID: 13608) hat Ehe mit Murringer, Konrad (ID: 2350)",43070,13608,2350
